IDCompania,Alias,Nombre
1,Indeterminado,INDETERMINADO
2,Aqua Phoenix,AquaPhoenix Scientific Inc.
3,Blue Grass,"Blue Grass Chemical Specialties,L.L.C."
4,Bluestar,"BlueStar, Inc."
5,CEVA,"CEVA International, Inc. - Laredo"
6,Chemetall US,Chemetall US Inc
7,Chromaflo,Chromaflo Technologies corp.
8,Conventya,Coventya Inc
9,Diagraph DF,"DF/Diagraph ITW Mexico, SA de CV"
10,Diagraph ITW,01 Diagraph An ITW Company
11,Diagraph MSP,02 Diagraph MSP An ITW Company
12,Norwood Diamex,"Diagraph Marking & Coding, Adivision of Illinois Tool Works, Inc (1)"
13,Norwood Id Global,"Diagraph Marking & Coding, Adivision of Illinois Tool Works, Inc (2)"
14,DNP,DNP IMS America Corp.
15,Dorf,Dorf Ketal Speciality Catalysts LLC
16,Edmac Charlote,Edmac Compressor Parts
17,Enmet Ann Arbor,Enmet LLC
18,Ethox,Ethox Chemicals LLC
19,GEA,Grupo Euroamericana SA de CV
20,Gluefast,The Gluefast Company Inc.
21,Greydon,Greydon Inc.
22,Idglobal,ID Global Solutions SA de CV
23,IIMAK,"International Imaging Materials, Inc."
24,Metal Working,Metal Working Lubricants Co.
25,Michelman,Michelman Inc
26,Nalco Co,Nalco Company
27,Nease Corp,Nease Corporation
28,NG Laredo,"Nowgroup, Inc."
29,Norwood Remitente,Norwood Marking Systems
30,Omega E,"Omega Engineering, Inc."
31,PCC Chemax,"PCC Chemax, Inc"
33,Process,Process Sensors Corporation
34,Pylam,"Pylam Products Company, Inc."
35,QRO CHEMETALL,"Chemetall Mexicana, SA de CV"
36,Sato,SATO America Inc.
37,Shepherd,The Shepherd Chemical Company
38,Showbox,Showbox Exhibits
39,Special Materials,Special Materials Company
40,Start Int,Start International
41,Tower Oil,Tower Oil & Technology Co.
42,UNIVAR,Univar USA Inc
43,UPS FREIGHT,United Parcel Services
44,UPS EXPRESS,Untel Parcel Services
45,Zebra,"Zebra Technologies international, LLC"
47,Americaenergy,"America Energy, Inc."
48,Tharo,"Tharo Systems, Inc."
49,DiamexEquipos,01 Diagraph ITW Mexico S de RL de CV
50,Flexcon,Flexcon Company Inc
51,Rotometrics DIE,"Roto Die Company, Inc."
52,Almig,Almig USA Corporation
53,ITW Thermal,ITW Thermal Films
54,Linx Printing,Linx Printing Technologies LTD
55,Quincy,Quincy Compressor.
56,EPCOS,Epcos
57,Tomco,03 Diagraph ITW Mexico S. de R.L. de C.V.
58,Metalstamp,Metalstamp Inc.
59,Bofa,Bofa Americas INC.
60,Markandy,MarkAndy Inc.
61,Trident,"Trident, Inc."
62,Meder,Meder Electronic Inc.
63,FEDEX FREIGHT USA,FEDEX FREIGHT USA
64,Stackpole,"Stackpole Electronics, INC."
65,Pancon,Pancon LLC.
66,Plasticprocess,"Plastic Process Equipment, Inc."
67,StylAir,"StylAir, LLC"
68,ARCBEST,ARCBEST
69,FEDEX GROUND,FEDEX GROUND USA
70,ESTES,ESTES EXPRESS LINES
71,FX TRANS,Southestern
72,TRANSPORT AMERICA,Transport America
73,CONWAY,CONWAY SOUTHERN EXPRESS
74,YRC,YRC Transportation
75,TNL,TNL Express S.A. de C.V.
76,Vision,Vision Trade International SA de CV
77,Plexpack,Plexpack Corp.
78,UPS GROUND,UPS Ground
80,RANGER EXPRESS,Ranger Express Forwarding
81,Electric Motors,Electric Motors & Control
96,Abastecedor,Abastecedor Terapeutico SA de CV
97,ACCUWEB,"ACCUWEB , INC."
98,Ace,Ace Production Technologies
99,ATP,"Advanced Technology Products, Inc."
100,Advantage,Advantage  Engieneering Inc.
101,AETEK,AETEK UV SYSTEMS
102,AFC,AFC Finishing Systems
103,Aggreko,Aggreko LLC
104,Aire,Aire Instrumental S.A. de C.V.
105,Aire y Proceso,Aire y Proceso Industrial S.A. de C.V.
106,Alcom,Alcom International
107,Aleph,Aleph America Corporation
108,Alimentos,Alimentos Especializados  Gomez SA de CV
109,All fill,"All-Fill, Inc."
110,Allied,Allied Electronics
111,AllSpec,All-Spec Industries
112,Amazon,Amazon.com
113,AMBTRA,AMBTRA Inc
114,Amco,Amco Polymers LLC
115,American,American Extrusion International
116,Americo,Americo Corporation
117,Amity,Amity Die and Stamping Company
118,Antreg,"Antreg, S.A. de C.V."
119,APIKolon,API KOLON Engineering Plastics
120,Applied,Applied Engineering SA de CV
121,AQABAL,AQABAL AUTOMATIZACION Y AHORRO DE ENERGIA inC
122,ArgoSys,ArgoSys Robotics ans Accessories
123,Armor,"Armor USA, Inc."
124,ARPAC,ARPAC
125,Arrow,"Arrow Pneumatics, Inc."
126,AEG,Asesoria Energetica Global SA de CV
127,ASHBY,"ASHBY CROSS COMPANY, INC"
128,AssetNation,AssetNation Inc
129,Attica,"Attica Hydraulic Exchange, Inc."
130,August,August Industries Inc.
131,Automation,Automation International LTD
132,ADINE,Automatizacion y Dise�o Neumatico SA de CV
133,AVX,AVX Corporation
134,B&H Foto,B & H Foto & Electronics Corp.
135,Bancroft,Bancroft Bag Inc
136,BASF,BASF Corporation
137,Berendsen,"Berendsen Fluid power, Inc."
138,BJ Automotive,BJ AUTOMOTIVE (HK) LIMITED
140,Branson,Branson Ultrasonics Corporation
141,BroadcastStore,BroadcastStore.com
142,Burkert,Burkert Fluid Control System
143,Buyeasyonline,Buyeasyonline.com
144,Campbell,Campbell Housfeld
145,CAS Compresores,CAS Compresores de Aire y Servicios SA de CV
146,CEDSA,CEDSA Automatizacion y Robotica SA de CV
147,CENTELLA,CENTELLA INC
148,Central Mangueras,Central de Mangueras S.A.
149,Central Label,Central Label Products
150,CENTURY,CENTURY SPRING CORP.
151,CHARLIE'S,CHARLIE'S RESTAURANT EQUIPMENT
152,Chart,"Chart, Inc."
153,Chem point,Chem Point Com
154,Chicago pneumatic,Chicago Pneumatic
155,Chocolates lussel,Chocolates Lussel SA de CV
156,Chroma California,Chroma Systems Solutions Inc. (1)
157,Chroma Masachuset,Chroma Systems Solutions Inc. (2)
158,CIMED,CIMED S.A. de C.V.
159,Cirris,Cirris Systems Corpotation
160,CKC,CKC TOOL INC.
161,Coding Products,Coding Products
162,Colormaster,Color Master Incorporated
163,Columbia,Columbia Marking Tools Inc
164,Comercial Lynx,Comercial Lynx SA de CV
165,Compresores Int,Compresores Internacionales SA de CV
167,Compressed,Compressed Air Of California
168,Concor,"Concor Tool & Machine, Inc."
169,Controls,Controls for Automation
170,Conversource,Conversource Stickyback Headquarters
171,Core,"Core Industries, LLC dba Star Trac"
172,CPS,CPS Canadian Primoflex Systems Inc
173,Crane,Crane Materials International
174,Cricon,Cricon International Business Inc.
175,CVC Taiwan,"CVC Technologies, Inc. (2)"
176,CVC California,"CVC Technologies, Inc. (1)"
177,DB Roberts,D.B. Roberts Inc.
178,DAC Components,"DAC Components, Ltd."
179,Z Datalogic,Datalogic Automation Inc.
180,Datamax,Datamax Corporation
181,Datex,"Datex Ohmeda, Inc."
182,Dings,Dings Company Dynamics Group
183,Dispensa,Dispensa-Matic Label Dispensers
184,DRH,Distribuidora de Refacciones Hidraulicas S de RL
185,DNF,DNF Controls
186,Dongguan,Dongguan Guanghong Silicone Products Co. Td
187,Dynapar,Dynapar Corporation / Danaher Indstrial Controls
188,Dynics,Dynics Inc
189,EIDuPont,"E.I. du Pont de Nemours & Company, Inc."
190,Eco,Eco-Energy
191,Ecolibrium,Ecolibrium Solar
192,Electrical,Electrical Insulation Suppliers de Mexico SA de CV
193,Electro,"Electro Static Technology-ITW, Inc"
194,Electronica,"Electronica Olfer, S.L."
195,ELLSWORTH,ELLSWORTH ADHESIVES
196,Emergency,Emergency Sale & Service LLC
197,EMI,EMI Corp.
198,EMSE,EMSE Corporation
199,Engel,Engel de Mexico S.A. De C.V.
201,EquiposGDL,"Equipos Aire GDL, S.A. de C.V."
202,European Industrial,"European Industrial Products, Inc."
203,Evergreen,Evergreen (H.K.) PCB Limited
204,EX Factory,EX-Factory Inc.
205,Fabrik,Fabrik Molded Plastics
206,Fay,Fay J. Packaging
207,Fisher Scientific,"Fisher Scientific CO, LLC"
208,Flint,"Flint Hydrostatics, Inc"
209,Flxon,Flxon Inc.
210,Forestville,"Forestville Machine Company, Inc."
211,Fortress,Fortress Technology Inc.
212,Frituras,Frituras el Rey SA de CV
213,01 Fumex,FUMEX AIR FILTRATION SYSTEMS
214,0 GALCO,0  GALCO INDUSTRIAL  ELECTRONICS
215,Gammaflux,Gammaflux L.P.
216,Garcia,Garcia Medina Maria del Carmen
217,Gardner,Gardner Denver Inc
218,Gearcom USA,"Gearcom, Inc"
219,Gem,"Gem Gravure Co, Inc."
220,Gemini,Gemini Valve
221,Global,Global Equipment Co.
222,Global Instant,"Global Instant Air, Inc."
223,Glo,"Glo-Mold, Inc"
224,Gold,Gold Key Processing Inc
225,Grand,Grand Rapids Label Co
226,GREAT,GREAT LAKES FILTERS
227,Gremed,Gremed Group Corp
228,Grupo GSG,Grupo de Servicios Graficos del Centro SA de CV
229,Grupo Evolucion,Grupo Evolucion Gaso y Loba SA de CV
230,Gut,"Gut Source, Ltd"
231,Hallmark,"Hallmark Industries, Inc."
232,Hamilton,"Hamilton Mold & Machine, Inc."
233,Hangzhou,Hangzhou Shanyou Medical Equipment
234,HAPMAN,HAPMAN
235,Harbor,Harbor Freight Tools
236,Harper,Harper Corporation of America
237,HC Miller,HC Miller Company
238,Herd,Herd Pack LLC
239,Herzog,"Herzog Injection Technology, Inc."
240,Hisco,Hisco
241,Hottinger,Hottinger Baldwin Measurements Inc.
242,HP,HP Products Corporation
243,Humidity,"Humidity Source, LLC"
244,ISEL,I.S.E.L.
245,ICM,"ICM Products, Inc"
246,IEWC,IEWC Corp
247,IFM,IFM EFECTOR S. de R.L. de C.V.
248,IMAC,IMAC Motion Control Corp.
249,Incoe,Incoe Corp.
250,Industrial Rotam,Industrial Rotam SA de CV
251,Industrial Specialist,Industrial Specialties Manufacturing Inc
252,Innovative,Innovative Plastech Inc
253,Inpro,Inpro Seal LLC
255,INSULTAB,INSULTAB
256,Integrated,Integrated Turf Solutions LLC
257,Interface,Interface
258,International Fluid,International Fluid Power
259,International Resistive,"International Resistive Company, Inc."
260,Itrade,Itrade Inc
261,Tomco Bryan,ITW  Tomco
262,ITW El Paso,ITW Filter Products
263,ITW Label,ITW Labels
264,ITW Switches,ITW Switches / ActiveTouch / Ark-Les Transportation
265,ITW Illinois,ITW Tomco
266,ITW Indiana,ITW Tomco Kendallville
267,JBC,JBC Tools Inc.
268,Jeff,Jeff Warfield Electric Company
269,Keene,"Keene Technology, Inc."
270,Keltec,"Keltec-Technolab, Inc"
271,Keunil,Keunil Enpla
272,Kocher,Kocher + Beck USA LP
273,Koester,Koester Corporation
274,Kurz,"Kurz Transfer Products, LP"
275,Labelle,"Labelle Industrial Sales, Inc."
276,Labelmate,Labelmate USA
277,LAMARK,LAMARK SA de CV
278,LaRos,"LaRos Equipment Company, Inc."
279,LEICHT,LEICHT+MULLER Syscotec
280,Logout,Logout SA de CV
281,Loh,Loh Enterprises LLC.
282,Luttmann,"Luttmann Precision Mold, Inc."
283,M Acer,M Acer Automotive Systems Pvt. Ltd
284,M Holland,M Holland Company
285,Magnetic,"Magnetic Instrumentation, Inc."
286,MCV,Manufacturadora de Carbon Vegetal SA de CV
288,Mastermolding,Mastermolding Inc
289,Matsui,Matsui America Inc.
290,MCGEE,MCGEE Company
291,McMaster,McMaster-Carr Supply Company
292,Mecco,"Mecco Partners, LLC"
294,Meritac,Meritac Trading Company
295,Merrill,Merrill Corporation
296,MetalKraft,Metal Kraft Industries Inc.
298,Metaris,Metaris Corporation
299,Mikroelektronika,Mikroelektronika d.o.o.
300,Millennium,Millennium Industrial Tire
301,Miyachi,Miyachi Unitek Corporation
302,Mohawk,Mohawk Rubber Sales
303,Morgan,"Morgan Polymer Seals, LLC"
304,Motan,"Motan, Inc."
305,MSC Industrial,MSC Indusrtial Supply
306,Z Nachos,Z Nachos Frituras y Botanas SA de CV
307,Nano Purification,Nano Purification Solutions
308,National Instrument,National Instruments Corporation
309,NationalMagnetics,"National Magnetics Group, Inc."
310,NATUS,NATUS Medical Inc
311,Nautilia,Nautilia SA de CV
312,Newark,Newark
313,Newcomb,Newcomb Spring of Connecticut
314,Newport,"Newport Electronics, Inc."
315,Nieman,Nieman Printing Inc
316,Ningbo,"Ningbo Yinzhou Mingde Aluminium Profile Accessories Co, Ltc"
317,Nissan Trading,Nissan Trading Corporation Americas
318,NJM Packaging,NJM Packaging
319,Nobel Mexico,Nobel Biocare Mexico S.A. de C.V.
320,0 Nobel Procera,Nobel Biocare Procera LLC.
321,Nobel USA,Nobel Biocare USA LLC
322,NORBAC,NORBAC III INTERNATIONAL CO.
323,Nordson,Nordson EFD LLC
324,Nova,Nova Hydraulics
325,Novotechnik,Novotechnik U.S. Inc
326,Ogden,Ogden Technology Corporation
327,Oil Rite,Oil-Rite Corporation
328,OkGo,OkGo Packaging
329,OMEGADYNE,OMEGADYNE INC
330,OPTICAL,OPTICAL GAGING PRODUCTS INC
331,Orbis,Orbis Corporation
332,PAHSCO,"Pacific Hospital Supply Co., Ltd"
333,Pacific Integrated,Pacific Integrated Handling
334,Palace,"Palace Packaging Machines, Inc."
336,Parker,Parker Hannifin Corporation
337,Pastro,Pastro Comercializadora S de RL de CV
338,Path,"Path Silicones, Inc"
339,Peco,Peco Controls Corporation
340,Photocraft,Photocraft Inc.
341,PIAB,PIAB USA INC.
342,PICO,PICO ELECTRONICS INC.
343,Pieles y acabados,Pieles y Acabado Ramirez SA de CV
344,Plastec,Plastec USA Inc.
345,Plastibolsas,Plastibolsas Industriales del Norte
346,PlasticMolding,"Plastic Molding Technology, Inc."
348,Plastics Solution,"Plastics Solutions USA, Inc."
350,Pneutrend,Pneutrend Industry Co. LTD.
351,Polek,Polek and Polek
352,Polyshot,Polyshot Inc
353,PRIME,PRIME Engineered Components Incorporated
354,Q Straint,Q Straint
355,Quality Vision,Quality Vision Services
356,RSHughes,"R.S. Hughes Company, Inc."
357,Rabin,Rabin Worldwide
358,Raul Robles,Raul Robles Yllades
359,Raytek,Raytek-Direct.com
360,RDP,RDP ELECTROSENSE
361,Remeke,Remeke Alimentos SA de CV
362,Renesola,"Renesola America, Inc."
363,Renvu,Renvu
364,Resort Mexico,Resort Condominiums International de
365,Resort IN,"Resort Condominiums International, LLC"
366,Resort Carmel,Resort Condominiums Intl
367,Rhe,Rhe Tech Inc
368,RJG,"RJG, INC"
369,RMS,RMS Retail Marketing Services SA de CV
371,Rocklin,Rocklin Manufacturing Co.
372,Rodix,"Rodix, Inc."
373,Rogers,Rogers Corporation
374,Roll,DT & J Inc dba Roll-A-Ramp
375,Ronan,Ronan Engineering Company
376,Ross,"Ross International, Inc."
377,Rotometrics (2),Rotometrics
378,RSW,RSW Technologies LLC
379,Rulomad,"Rulomad, Consultig & arketing Services LLC"
380,Russell,Russell Products Co. Inc.
381,SAATI,SAATI Americas Corporation
382,SAM,"SAM Kane Beef Processors, LLC"
383,Schulz,"Schulz of America,Inc."
384,Segoviano,Segoviano Azpeitia Margarita
385,SemiTek,SemiTek International
386,Serpa,Serpa Packaging Solutions
387,Services,Services for Plastic Inc.
388,Adapta,Servicios Turisticos y Arquitectonicos Accesibles Adapta S de RL de CV
389,Sharpe,Sharpe Latinoamerica SA de CV
390,Silvan,Silvan Industries Inc.
391,SIMCO,SIMCO ION
392,Smith Enterprises,"Smith Enterprises, Inc."
393,Smiths Medical,"Smiths Medical ASD, Inc."
394,Soluciones,"Soluciones Tecnologicas Globales, S.A. de C.V."
395,Spare Parts,Spare Parts USA
396,Specialised,Specialised Perforating Services
397,SPRINTER,SPRINTER MARKING Inc
399,Star Autamation,"Star Automation, Inc."
400,State Industrial,State Industrial Supply Corp.
401,Stewart,Stewart EFI Finishing LLC
402,Stoner,Stoner INC
403,Sullivan,"Sullivan Palatek, Inc."
404,Sumitomo,Sumitomo shi Demag - Plastics Machinery
405,Surtidora,Surtidora Medica de Occidente SA de CV
406,Taray,Taray International Corporation
407,TCI,TCI LLC
408,Tec,"Tec Lighting, Inc."
409,Techmer,Techmer PM LLC
410,Teco Texas,Teco-WestingHouse Motor Company
411,Teco Silao,Teco-Westinghouse Motor Company SA de CV
412,Teknacolor,"Teknacolor, LLC"
413,TEKNIA,TEKNIA Rzeszow Spolka Akcyjna
414,Tellus,Tellus Business Services LLC.
415,Tesco,Tesco-Italmatic LLC
416,Textape,"Textape, Inc."
417,Dickson,The Dickson Company
418,Thermopac,"Thermopac Industries, LP"
419,Tollman,Tollman Spring Company Inc.
420,Tramisa,"Tramisa Logistics, S.A. de C.V."
421,Transamerica,Transamerica Lubricants Inc
422,Transcomex,Transcomex Internacional SA de CV
423,Transducer,"Transducer Techniques, Inc."
425,Trinity,Trinity Tool Company
426,Tsubakimoto,Tsubakimoto Automotive Mexico SA de CV
427,TT electronics,TT electronics
428,TTI,"TTI, INC."
429,US Tsubaki,U.S. TsubakiAutomotive LLC
430,UltraSource,"UltraSource, LLC"
431,United Silicone,United Silicone  Inc
432,Universal Mexico,Universal Mexico Central MX SA de CV
433,Universal Separators,"Universal Separators, Inc"
434,Universal Sewing,Universal Sewing Supply
435,US Ophtalmic,US OPHTHALMIC
436,USA Sport,USA Sport Inc.
437,Valley,"Valley Precision Seal, LLC"
438,Vernexx,"Vernexx, LLC."
439,Video,Video Track SA de CV
440,z Vision no usar,0 No usar Vision Trade International SA de CV
441,Vital Totowa,Vital Signs Inc.
442,Vital Englewood,"Vital Signs, Inc"
443,VITEC Videocom,VITEC Videocom Inc.
444,Vulcan Spring,Vulcan Spring & MFG. Co.
445,Web,Web Techniques Inc.
446,Wexxar Delta,Wexxar Packaging Inc
447,Wexxar Richmond,WEXXAR PACKING INC .
448,Wilson,Wilson Company
449,WoodMaxx,WoodMaxx Power Equipment Ltd
450,Xiamen Compower,Xiamen Compower Medical Tech
451,Xiamen Dajun,"Xiamen Dajun Accurate Industrial Co., LTD"
452,Yale,Yale Chase Equipment and Services Inc.
453,YG,"YG Laboratories, Inc"
454,Yushin,Yushin America
455,Zefon,Zefon International
456,Zhejiang,Zhejiang Wanfeng North America
457,Wenniger,Wenniger Compressor Company
458,Fixtureworks,Fixtureworks LLC
459,Catching,Catching Fluid Power
460,Numberallstamp,Numberall Stamp & Tool Co. Inc
461,CDW DIRECT,CDW DIRECT
462,Multidyne,Multidyne  Electronics Inc.
463,ITW Marking - Diamex,"Diagraph Marking & Coding, a Division of Illinois Tools Works, Inc. (1)"
464,ITW Marking - Id Global,"Diagraph Marking & Coding, a Division of Illinois Tools Works, Inc. (2)"
465,FEDEX FREIGHT MX / ALA,FEDEX FREIGHT MX / ALA
466,AVERITT,Averitt
467,FEDEX EXPRESS,FEDEX EXPRESS
468,R & L CARRIERS,R & L CARRIERS
469,Gulton,"Gulton, Inc"
470,Kane Beef,"Sam Kane Beef Processors, LLC"
471,BLUE POINT,Blue Point
472,AEROMEXPRESS,AEROMEXPRESS CARGO
473,APOYO LOGISTICO,EVER VAZQUEZ
474,SUPERIOR,"Superior Quartz Products, Inc."
475,J&J,J&J Converting Machinery
476,AlimProCa,"Alimentos Procesados de Carnaza, Sa de CV"
477,CELADON,CELADON
478,WR Medical,WR Medical Electronics Co.
479,Grupo Requena,Grupo Requena SA de CV.
480,CENTRAL,CENTRAL TRANSPORT
481,MTYChemetall,01 Chemetall Mexicana SA de CV
482,TRANSMARITIME,Transmaritime
483,InspX,InspX LLC
484,CASTORES,TRANSPORTES CASTORES
485,Everardo Rico,Everardo Rico Johnson
486,GSY,GSY Retail
487,Romsons,Romsons International Unit-II
488,DHL MEXICO,DHL MEXICO
489,Cobalt Digital,Cobalt Digital Inc.
490,Steel Fab,Steel Fab
491,MERCER,Mercer
492,FORWARD AIR,FORWARD AIR
493,FEDEX EXPRESS MX,Federal Express/Multipack
494,TOWNE AIR,TOWNE AIR FRIEGHT
495,ESPINOZA,TRANSPORTES ESPINOZA
496,CFI LOGISTICA,CFI LOGISTICA
497,Aquagear,Aquagear Swim Shop
498,Sprint Aquatics,Rothhammer International Inc.
499,UPS SCS,UPS SUPPLY CHAIN
500,DHL EXPRESS,DHL
501,Hsiner,"Hsiner Co., LTD."
502,Badger Meter,BADGER METER
503,Equipos y Materiales,Equipos y Materiales del Bravo
504,Cross Company,"Cross Company, Instrumentation Group"
505,ABNER,ABNER TRANSPORTACIONES AMERICA
506,Westmed,Westmed Inc.
507,Universal Fiber,Universal Fiber Optics LLC
508,E.D.A,E.D.A. International Corp.
509,Tidi Products,"TIDI PRODUCTS, LLC"
510,Garcia V.,Garcia Villanueva Rodolfo
511,Rothhammer,Rothhammer International Inc
512,Ritter Concept,Ritter Concept GmbH
513,Prime Dental,Prime Dental Manufacturing Inc.
514,M.R. Organization,M.R. ORGANISATION (USA) LLC
515,LEZA,Tranpsortes LEZA
516,GAMI,MARZO GARZA
517,GERA,GERARDO GARCIA CARRANZA
518,JOMIJE,JOMIJE
519,KANSAS CITY,KANSAS CITY SOUTHEASTERN
520,MARDAIVick,Transportes MardaiVick
522,Old Dominion,"Old Dominion Freight Line, Inc."
523,PANTHER,Panter
524,PAQUETE EXPRESS,PAQUETE EXPRESS
525,PERRONE,Truck Perrone Villareal
526,PNA,PNA TRANSPORT
527,RAWILL,TRANSPORTACION Y SERVICIOS RAWILL
528,SAIA,SAIA
529,Santra(Transfer),Transfer SANTRA
530,SLMI,"Servicios Logisticos de Mercadotecnia Internacional, SA de CV"
531,SMT,SMT
532,SOUTHWESTERN,SOUTHWESTERN
533,STI,STI
534,TRAMISA,TRAMISA
535,TRANSMARITIME,Transmaritime
536,TRANSPORT AMERICA,TRANSPORT AMERICA
537,OMG,Autotransportes OMG
538,TRES GUERRAS,TRES GUERRAS
539,XCF,"XCF, SA de CV"
540,Xpress Internacional,Xpress Internacional
541,ZAVE,Transportes ZAVE
543,JD Honigberg,JD Honigberg Intl Inc
544,Global Traders,Global Traders
545,Womack,Womack
546,Promedental,Promedental SA de CV
547,MSC,Industrial Supply Co.
548,DiamexLabel,Diagraph ITW Mexico S de RL de CV
549,Atlas Copco,Atlas Copco USA Holdings Inc.
550,Gearcom Mexico,GEARCOM SA de CV
551,Masarela,MASARELA SA DE CV
552,SPX,SPX Flow Technology USA Inc
553,Essentra,ESSENTRA Components
554,Monterrey Medical,"Monterrel Medical Equipment, Inc."
555,Home Medical,"Home Medical Service, S.A. de C.V."
556,S&M Nano,S & M Nano-Blotechnology SA de CV
557,Sanki Global,"Sanki Global, LLC"
558,ITW Automotive,ITW AUTOMOTIVE PRODUCTS MEXICO S DE RL DE CV
559,REAL EXPRESS,REAL EXPRESS
560,TRANSPLACE,TRANSPLACE
561,Novabone,NovaBone Products
562,INTEVA Brownsville (Gearcom),Inteva Brownsville Operations
563,CAVITUS,Cavitus Europe AG
564,Hummingbird,Hummingbird Colibri Corp
565,CKD,CKD USA Corporation
566,Kaman,Kaman
567,Bepensa Bebidas,"Bepensa Bebidas, S.A. de C.V."
568,HongKong Coxo,HONGKONG COXO INTERNATIONAL CO. LIMITED
569,diagraph occ,Diagraph Guadalajara (Occidente)
570,Vela Corp,Carlos Vela
571,Sumitomo Machinery,Sumitomo Machinery Corporation of America
572,TRADIUM,Tradium Servicios Aduanales Y Logistica SA DE CV
573,Fletes Mexico Carga Express,Fletes Mexico Carga Express S de RL de CV
574,Aire y Proceso-Dest.(API),Aire y Proceso Industrial S.A. de C.V.
576,Maxcess,Tidland Coporation
577,Id Global (Apodaca),ID GLOBAL SOLUTIONS S.A. DE C.V.
578,SENDA NVO LRD,SENDA EXPRESS NUEVO LAREDO
579,Ceva Datex,Ceva Datex
580,INTIMARK SA DE CV,INTIMARK SA DE CV / EXPORTA CONSULTORES
581,GEA SLP (TUNNA),Grupo Euroamericanca ( TUNNA ) SLP
582,Miguel Angel ( Shagi),Miguel Angel Saucedo
583,BORG WAGNER SAL,BORGWARNER TURBO AND EMISSIONS SYSTEMS DE MEXICO SA DE CV
584,CareFusion,"Care Fusion 2200, inc."
585,CIMED DEST.,CIMED
586,Kaller,Kaller The Safer Choice
587,TOOLORBIT,TOOLORBIT DIV OF TOOLMART INC
588,LogOut Logistics,LogOut Logistics
589,SEW,SEW EURODRIVE
590,Integracore,Integracore
591,ONLINE,THE ONLINE DISTRIBUTOR OF ELECTRONIC COMPONENTS
592,REXROTH,BOSCH REXROTH GROUP
593,WALKER INDUSTRIAL,WALKER INDUSTRIAL EMD OPTIMA
594,GALCO,Galco  Industrial E lectronics
595,ID GLOBAL (TORREON),Id Global Solutions
596,GARDNER DENVER,GARDNER DENVER INC.
597,Jose Safar,Jose Safar Bouneri
598,Bansbach,Bansbach
599,Luis Roberto Diaz Gonzalez,Luis Roberto Diaz Gonzalez
600,Yuyao,Yuyao Qiangxin Medical Device Co.Ltd
601,Amico,Amico  Beds Corporation
602,Tidland,Tidland Corporation
603,Vision Suc. Guadalajara,Vision Trade International Suc. Guadalajara
604,TO-GO Transfer,Autotransportes TO-GO
605,Privilege Club / Bahia,Privilege Club / Bahia Principe
606,IK INDUSTRY,IK INDUSTRY INTERNATIONAL
607,Chemetall Tultepec,Chemetall Mexicana S.A. de C.V.
608,Tecniflex Ansorge,Tecniflex Ansorge De Mexico y Cia S en CS
609,ARRO-MARK,ARRO-MARK COMPANY L.L.C.
610,ALMEX,ALMEX
611,Westbrook,Westbrook Engineering Co. Inc.
612,AERONET,Aeronet
613,CHILDREN'S FACTORY,CHILDRENS FACTORY
614,BEYOND,BEYOND PLAY
615,WATERBED,WATERBED OUTLET
616,GLAS WELD,Glas Weld Systems Inc.
617,GEMTRON,GEMTRON DE MEXICO S.A. DE C.V.
618,CareFusion Mexico,CareFusion Mexico 215 S.A de C.V.
619,SMARTHOME,SMARTHOME
620,SET Express,SET EXPRESS LLC
621,"NAUTILIA, SA de CV","NAUTILIA, SA de CV"
622,GEMTRON APODACA,GEMTRON DE MEXICO S.A. DE C.V.
623,LINX (Videojet),Linx Printing (Videojet Tech )
624,DIAMEX QRO Ocurre,DIAGRAPH ITW MEXICO ( Suc. Queretaro )
625,DIAMEX QRO,GARCIA PEON ROBERTO CARLOS
626,MARGARITA SEG. ( ssuma),Segoviano Azpeitia Margarita
627,TSM DIVISION TRUCKING,TSM DIVISION TRUCKING SA DE CV
628,Transportes GASA,GASA TRANSPORTES
629,GIGG,GIGG Express
630,VISION / BANAMEX,(VISION) Centro Banamex Ciudad de M�xico
631,MGR Mold Inc,MGR Mold Inc.
633,DUPACO,DUPACO INC.
634,0 - DUPACO,0 - DUPACO INC.
635,Potosinos,Transportes Potosino
636,Motores Hermeticos ( Chemetal ),Motores Herm�ticos del Sur S.A. de C.V. :
637,"0- ENGINEERING TECHNOLOGY SERVICES, LLC","ENGINEERING TECHNOLOGY SERVICES, LLC"
638,"0- ENGINEERING TECHNOLOGU SERVICES, LLC","ENGINEERING TECHNOLOGU SERVICES, LLC"
639,"ENGINEERING TECHNOLOGY SERVICES, LLC","ENGINEERING TECHNOLOGY SERVICES, LLC"
640,"OUTDOOR NETWORK DISTRIBUTION, LLC","OUTDOOR NETWORK DISTRIBUTION, LLC"
641,"OUTDOOR NETWORK DISTRIBUTON, LLC","OUTDOOR NETWORK DISTRIBUTON, LLC"
642,R & L Logistics (Paramount),Paramount Transportation Logistics Services LLC
643,"CHEMETALL US, INC.","CHEMETALL US, INC."
644,Clariant,Clariant
645,"NACHOS, FRITURAS Y BOTANAS SA",Nachos Frituras y Botanas SA de CV
646,T&W Tire,T& W Tire
647,SHIELDING INTERNATIONAL,SHIELDING INTERNATIONAL
648,ALIJADORES ( NVO LRD ),Alijadores ( Los Quemados )
649,ISEL INC,ISEL INC
650,BECKO TECHNOLOGIES CORP.,BECKO TECHNOLOGIES CORP.
651,Chemetall Jackson,Chemetall US Inc.
652,NACHOS FRITURAS,NACHOS FRITURAS Y BOTANAS SA DE CV
653,THERMAL FILMS,THERMAL FILMS
654,MCL,MX-MCL
655,ECOMPRESSEDAIR,ECOMPRESSEDAIR
656,Soporte Aerologistico,"Soporte Aerologistico, SA de CV"
657,"CARCO, INC.","CARCO, INC."
658,Antisepsia Central (VISION ),"Antisepsia Central, S.A. de C.V."
659,LaserVision,"Laservisiom USA, LP"
660,TRUCKA,TRUCKA  Transportes
661,CONDESA Transportes,Transportes Condesa
662,0 BEEFEROLAS SA DE CV,BEEFEROLAS SA DE CV
663,BEEFEROLAS,Beeferolas SA de CV
664,0 BEEFEROLAS SA DE CV,BEEFEROLAS SA DE CV
665,INTEGRATED TURF SOLUTIONS,INTEGRATED TURF SOLUTIONS
666,TI AUTOMOTIVE  P 62,"TI AUTOMOTIVE REYNOSA, S DE RL DE CV"
667,TI AUTOMOTIVE P 68,"TI AUTOMOTIVE REYNOSA, S DE RL DE CV"
668,BIOMEDICALLead-Lok,Lead-Lok Inc
669,Central Mangueras CR,Central de Mangueras SA
670,Hutchinson Reynosa,Hutchinson Transferencia de Fluido Mexico SA de CV
671,RITCHIE BROS.,Ritchie Bros.Auctioneers (America) Inc.
672,Alen del Norte ( Vision),"ALEN DEL NORTE, S.A. DE C.V."
673,Manuel Fregoso,Manuel Fregoso
674,ANIMUS FILLMS LLC,ANIMUS FILLMS LLC
675,Europartners,Europartners Monterrey
676,"L�Or�al SLP, S.A.","L�Or�al SLP, S.A. de C.V."
677,POLYMER VENTURES,"POLYMER VENTURES, INC"
678,J D HONIGBERG INTL INC,J D HONIGBERG INTL INC.
679,MARTELL Trucking TX,MARTELL Trucking
680,Martell Trucking Nvo Lrd,Martell Trucking Nvo Lrd
681,HAPPY DAY SELLER,HAPPY DAY SELLER
682,NEM,"NEM LOGISTIC, S. DE R.L. DE C.V."
683,Effem M�xico Inc. y Compa��a,"Effem M�xico Inc. y Compa��a, S en NC de CV"
684,Zebra Logistics,Zebra Logistics
685,Unity Intercom,Unity Intercom
686,Patty-O-Matic Inc,Patty-O-Matic Inc
687,Bagual Trading & Processing,Bagual Trading & Processing
688,Pak2go,PAK2GO
689,Express Service Intl,Express Service Intlernational
690,Danny Express,Danny Express
691,Landstar,Landstar
692,TQL,Total Quality Logistics
693,AAA Cooper,AAA Cooper
694,VIDEOJET TECHNOLOGIES INC.,VIDEOJET TECHNOLOGIES INC
695,HOUSTON PRODUCT COMPANY NORTH,HOUSTON PRODUCT COMPANY NORTH
696,WHITEHALL MANUFACTURING INC.,WHITEHALL MANUFACTURING INC.
697,LR MEDICAL,LR MEDICAL
698,AIRWAYS DEVELOPMENT,AIRWAYS DEVELOPMENT
699,SPACEBOUND INC,SPACEBOUND INC
700,"Lucta Mexicana, S.A. de C.V.","Lucta Mexicana, S.A. de C.V."
701,Fresenius Kabi M�xico,"Fresenius Kabi M�xico, SA de CV"
702,INGRESOLL RAND,INGRESOLL RAND
703,IRCC SAN ANTONIO CASH,IRCC SAN ANTONIO CASH
704,WHITEHALL MANUFACTURING,WHITEHALL MANUFACTURING
705,Industria de Refrescos del Noreste,"Industria de Refrescos del Noreste, S. de R.L. de C.V."
706,INGERSOL RAND COMPANY,INGERSOL RAND COMPANY
707,DORODO INT.,Dorodo LLC
708,"NOVATEK TECHNOLOGY, INC","NOVATEK TECHNOLOGY, INC"
709,BAGUAL TRADING & PROCESSING SOLUTIONS LLC,BAGUAL TRADING & PROCESSING SOLUTIONS LLC
710,"LEND-DAL CARPETS, INC.","LEND-DAL CARPETS, INC."
711,UNITED EXPRESS INTERNATIONAL,UNITED EXPRESS INTERNATIONAL
712,ACT TEST PANELS LLC,ACT TEST PANELS LLC
713,Fath Inc,Fath Inc
714,SHTALIM S.A. DE C.V.,SHTALIM S.A. DE C.V.
715,"DANVILLE MATERIALS, LLC","DANVILLE MATERIALS, LLC"
716,RCI RESORT,RCI RESORT
717,ZEBRA TECHNOLOGIES,"ZEBRA TECHNOLOGIES INTERNATIONAL, LLC."
718,MERRIL CORPORATION,MERRIL CORPORATION
719,QOSINA,QOSINA
720,QOSINA,QOSINA
721,MYREST.COM,MYREST.COM
722,MYREST.COM,MYREST.COM
723,CH ROBINSON,CH ROBINSON
724,"FABRICATION ENTERPRISES, INC.","FABRICATION ENTERPRISES, INC."
725,TOM PAN,TOM PAN
726,ORANGE TREE TRADE,ORANGE TREE TRADE
727,FLAG HOUSE,FLAG HOUSE
728,DOCSOLUTIONS,DOCSOLUTIONS
729,CAMPO PIA ( Hortifresh),CAMPO PIA / HORTIFRESH
730,SYNRAD,SYNRAD
731,PRO AUDIO STAR,PRO AUDIO STAR
732,Southern MU,Southern MU S de RL de CV
734,ESL,Expedited Specialized Logistics
735,Sistemas de Informaci�n Industrial,Sistemas de Informaci�n Industrial
736,Partenalia,Partenalia SA de CV
737,TRI-STATE WASTEWATER,TRI-STATE WASTEWATER EQUIPMENT
738,HONGKONG TAIMEI BEAUTY,HONGKONG TAIMEI BEAUTY INSTRUMENT LIMITED
739,"MACLIN POWER, INC.","MACLIN POWER, INC."
740,SPARE PARTS USA,SPARE PARTS USA
741,Atlas Copco Compressor LLC,Atlas Copco Compressor LLC
742,Atlas Copco (Remit),Atlas Copco Compressors LLC
743,ADAPTIVE TECH SOLUTIONS,ADAPTIVE TECH SOLUTIONS
744,Rocket America Incorporated,Rocket America Incorporated
745,FLUIDYNE,FLUIDYNE FLUID POWER
746,Robbins LLC,Robbins LLC
747,Comerci. Intl de Aire Comprimido,Comercializadora Internacional de Aire Comprimido SA de CV
748,0 IIMAK,IIMAK
749,HAN MI CABLE INTERPRISE INC.,HAN MI CABLE INTERPRISE INC.
751,Corporacion de Ferias,Corporacion de Ferias y Exposiciones SA
752,Valle Redondo ( Vision),Valle Redondo S.A. de C.V.
753,IBERO ( Leon ),Univ. Iberoamericana Leon Gto
754,Netaxcess Solutions,Netaxcess Solutions
755,Agr�cola Zarattini,Agr�cola Zarattinis  /Comercializadora Agreste
756,FUMEX,FUMEX Inc
757,ADMIRAL VIDEO,ADMIRAL VIDEO
758,The Creativity Institute,The Creativity Institute
759,Play Parachutes,Play Parachutes
760,TUNGSTALLOY MFG,TUNGSTALLOY MFG
761,Citricosselectos,Citricos Selectos San Martin SPR de RL
762,Lacteos Menonitas ( Vision ),"Lacteos Menonitas de Chihuahua, S.A. de C.V."
764,TRI-TRONICS,TRI-TRONICS
765,EGOBA,Transportadora Egoba S.A. de  CV
766,Seguros Y Fianzas,Seguros Y Fianzas
767,"CORE HEALTH & FITTNESS, LLC","CORE HEALTH & FITTNESS, LLC"
768,Bebidas Mundiales,"Bebidas Mundiales,  S de RL de CV"
769,Inmobiliaria Alpmayo,"Inmobiliaria Alpamayo, SA de CV"
770,Solint,"SOLINT, S.A. DE C.V"
771,Quatro,Quatro Air technologies Inc
772,BEPENSA,"BEPENSA BEBIDAS, SA"
773,CK EXPRESS,Maria Cristina Jimenez Lopez
774,Filtros y Mallas,"Filtros y Mallas Industriales, SA de CV"
775,Granos Patron,Comercializadora de Granos Patron
776,ABA,"ABA SEGUROS, SA DE CV"
777,Pilot,PILOT
778,ESTAFETA ( Carga ),ESTAFETA
779,CEVA Ramos A.,CEVA Ramos
780,0 HONEYWELL S&PS,HONEYWELL S&PS
781,HONEYWELL S&SP,HONEYWELL SENSING & PRODUCTIVITY SOLUTIONS
782,BEST BUY,BEST BUY
783,RAMA Inc. ( Forklift),RAMA INC
784,BOMBAS DE VACIO MARH,BOMBAS DE VACIO MARH SA DE CV
785,Vision Mty,Vision Trade Intl Mty.
786,ANEST IWATA AIR ENGINEERING,ANEST IWATA AIR ENGINEERING
787,Alen del Norte (Vision),"Alen del Norte, S.A. de C.V."
788,TO-AIR INC,TO-AIR INC
789,FIBER INSTRUMENTS,FIBER INSTRUMENT SALES INC
790,CABLES-N-PERIPHERALS,CABLES-N-PERIPHERALS
791,O.T.S. ASTRACON,O.T.S. ASTRACON
792,Nobel (Switzerland),Nobel Biocare Service AG
793,Cabling systems,Cabling systems
794,Z PECO CONTROLS,PECO CONTROLS CORPORATION
795,Agricultura Controlada (vision),"Agricultura Controlada, S.A. de C.V."
796,Bimbo (Vision),"Bimbo, S.A. de C.V"
797,Arrendadora Natahi (vision),Arrendadora Natahi (Susazon) SA de CV
798,"Chocolates Tur�n, (Vision)","Chocolates Tur�n, S.A. de C.V."
799,HARRIS EQUIPMENT CORPORATION,HARRIS EQUIPMENT CORPORATION
800,Surplus2D,Surplus 2D
801,Talamas,TALAMAS
802,ATV PARTS CONECTION,ATV PARTS CONECTION
803,"E-WORLD RECYCLERS, LLC","E-WORLD RECYCLERS, LLC"
804,RICHARD MILANI,RICHARD MILANI
805,CIANFLONE SCIENTIFIC,CIANFLONE SCIENTIFIC LLC
806,ALLTEC,ALLTEC
807,PRODUCTOS CHATA (DIAMEX ),PRODUCTOS CHATA S.A. DE C.V.
808,"C.C.R. SOLUTIONS, (Diamex)","C.C.R. SOLUTIONS, S.A. DE C.V"
809,DEKKER VACUM TECHNOLOGIES,DEKKER VACUM TECHNOLOGIES
810,ROLL-A-RAMP,ROLL-A-RAMP
811,Nachos Frituras y Botanas ( Bodega ),NACHOS FRITURAS Y BOTANAS SA DE CV
812,DANFOSS,DANFOSS
813,CVC TECHNOLOGIES INC.,CVC TECHNOLOGIES INC.
814,ARIZONA NEWARK,ARIZONA NEWARK
815,OMEGA ENGINEERING,OMEGA ENGINEERING INC.
816,BURNS CONTROLS COMPANY,BURNS CONTROLS COMPANY
817,ORBITFORM,ORBITFORM
818,Salter Labs,Salter Labs
819,NG Houston,NOWGROUP INC.
820,Beko Technologies,BEKO TECHNOLOGIES CORP
821,Procter & Gamble de M�xico (VISION),"Procter & Gamble de M�xico, S. de R.L. de C.V."
822,Pimientos Selectos (VISION),"Pimientos Selectos, S.A. de C.V."
823,BRIAN ZINK,BRIAN ZINK
824,Carefusion Mexico ( Destinatario),CareFusion Mexico 215 S.A de C.V.
825,JUSTFIT TECHNOLOGY KFT.,JUSTFIT TECHNOLOGY KFT.
826,Carlosmercado,Carlos Mercado
827,CHARLES KENDAL FREIGHT LTD,CHARLES KENDAL FREIGHT LTD
828,Expo Empaque Norte ( vision ),Expo Empaque Norte (CINTERMEX)
829,PECO/Modesto,Peco/Inspx LLc
830,Grupo Etytec (DIAMEX ),Grupo Etytec
831,EXCEL CONVERTING LLC,EXCEL CONVERTING LLC
832,Tandy Leather Factory 175,Tandy Leather Factory 175
833,ID Consultores Juarez (Diamex),ID Consultores SA de CV
834,GOLDEN ARROW,Golden Arrow Freight
836,ETN SAdeCV ( Paqueteria ),ETN S.A De C.V.
837,LA MARIPOSA SA,"Compa�ia de Jarabes y Bebidas Gaseosas La Mariposa,  S.A."
838,"Alen del Norte, S.A. de C.V. ( VISION )","Alen del Norte, S.A. de C.V. (Planta GDL)"
839,UPS EXPRESS ( Nvo Lrd ),Calle Per� #
840,MTTO EXPRESS MARITIMO (AEG),MTTO EXPRESS MARITIMO SA PI DE CV
841,HP PRODUCTS,HP PRODUCTS
842,CareFusion Mexico (Tradium ),CareFusion Mexico SA d CV CD Mexico
843,QUICY ( RMA ),Quincy Compressor NSC
844,NATIONAL CONTROL DEVICES,NATIONAL CONTROL DEVICES
845,Envases(Vision),"Envases Primo Cuevas, S.A. de C.V."
846,Ingindpacifico(Vision),"Ingenieria Industrial del Pacifico, S.A. de C.V."
847,LIBEN GROUP,"LIBEN GROUP WENZHOU TOY CO., LTD"
848,Express RL ( Transfer ),RL EXPRESS
1149,Carnicos-Vision,"Industrializadora de C�rnicos Strattega, S.A. de C.V."
1150,Graham,Graham Pe�a y Asociados SC
1151,Nachos y Frituras (Daxhi),Nachos y Fritura ( Col. Plazas del Sol  2da Seccion)
1152,MARSHALL ELECTRONICS INC.,MARSHALL ELECTRONICS INC.
1153,THERMODYNAMIC INDUSTRIES INC.,THERMODYNAMIC INDUSTRIES INC.
1154,AB MEXICO ( TRADIUM),AB MEXICO
1155,A TITAN INSTRUMENT,A TITAN INSTRUMENT INC
1156,Cosechos-Vision,"Cosechos de Tecozautla, S. de PR de RL"
1157,ATLANTIC ZEISER,ATLANTIC ZEISER Inc
1158,Diagraph c/o CFI termianl SLP,Diagraph c/o CFI termianl SLP
1159,LOGOUT,LOGOUT SA DE CV
1161,AARON EQUIPMENT COMPANY,AARON EQUIPMENT COMPANY
1162,Lozano Express ( HOT SHOT ),Lozano Express
1163,UNITED STATES POSTAL SERVICES,UNITED STATES POSTAL SERVICES
1164,trade EX SC,Trade EX SC
1165,"SONY LATIN AMERICA, INC","SONY LATIN AMERICA, INC"
1166,DestileriaLeyros,Destileria Leyros SA de CV
1167,FUSION GLASSWORKS,FUSION GLASSWORKS LLC
1168,HAL ALUMINUM (GEARCOM),HAL ALUMINUM MEXICO SA DE CV
1169,"LEMO USA, INC.",LEMO USA
1170,SEELER INDUSTRIES,Seeler Industries Inc
1171,McCormick ( Vision ),"McCormick de M�xico, S.A. de C.V."
1172,RussTech,RussTech Inc
1173,"SCIENTIFIC INSTRUMENT SERVICES, INC.","SCIENTIFIC INSTRUMENT SERVICES, INC."
1174,Cabot,Cabot Corporation
1175,DataAlchemy ( VIDEOTRACK),DataAlchemy
1176,RUSSTECH (CHEMETAL),RUSSTECH
1177,FlowBelow Aero,FlowBelow Aero Inc
1178,IAI (LAMARK),INTELLIGENT ACTUATOR INC
1179,DACZA INTL,DIST. DE AUTOS Y CAMIONES DE ZAMORA S.A. DE C.V
1180,MABE (CHEMETALL ),MABE SALTILLO
1181,CCR SOLUTIONS (DIAMEX ),CCR SOLUTIONS S.A. DE C.V
1182,HOYE TRACTOR PARTS (VIDEO),Hoye Tractor Parts
1183,LAMARK ( 2016 ),LAMARK
1184,Trasnportes HH,Transportes H&H
1185,Globalchemicalresources,Global Chemical Resources
1186,MOVO Hydraulics  (DRH),MOVO Hydraulics
1187,GLOBAL CHEMICAL RESOURCES ( CHEMETALL ),GLOBAL CHEMICAL RESOURCES
1188,Elco,ELCO DISTRIBUCIONES Y SERVICIO
1189,SEA-LAND CHEMICAL ( Chemetal  ),Sea-Land Chemical Co.
1190,Lockhart Chemical Company,Lockhart Chemical Company
1191,CHEMETALL CANADA,CHEMETALL CANADA
1192,ACCESSREC LLC ( ADAPTA),ACCESSREC LLC
1193,EDUTELSA (ADINE),EDUTELSA SA DE CV
1194,EDUTELSA  ( ADINE ),EDUTELSA SA DE CV
1196,MX Flex,"Flex Americas, S.A. de C.V."
1197,US Flex,"Flex Films (USA), Inc."
1198,Gofica Ingenier�a y construcci�n (GEA),Gofica Ingenier�a y construcci�n
1199,ECO INGENIERIA,"ECO INGENIERIA Y SISTEMAS, S DE RL DE CV"
1200,TJA,TJA
1201,FedEx Custom Critical,FedEx Custom Critical
1202,Stellana ( SSUMA),Stellana a Hexpol Company
1203,Road Runner Rubber,Road Runner Rubber Corp
1204,Hydrafil,Hydrafil
1205,FX Bemis/Boscobel,"Bemis, Co"
1206,FX OLD Printpack/Grand Prairie OLD,"Printpack, Inc"
1207,FX Amcor/Asheville,"Amcor Flexibles, Inc."
1208,Integradora De Servicios Romaco S.A,Integradora De Servicios Romaco S.A
1209,FX Advantaje,Advantaje Adhessives
1210,VALLE REDONDO SA DE CV ( Diamex ),VALLE REDONDO SA DE CV
1211,Esilax,Express Service International
1212,FX Flex/Laredo US,"Flex Films, Inc (Laredo)"
1213,R+L Truckload,"RL Truckload Services, LLC"
1214,TEXAS FORKLIFT,TEXAS FORKLIFT SERVICE
1215,SPVG ( GEA ),Samuel Pressure Vessel Group Inc.
1216,FX Bemis/Batavia,"Bemis, Co"
1217,FX Sonoco,Sonoco Flexible Packaging/Morristown Plant
1218,FX Peel,Peel Plastics Products Limited
1219,FX Robbie,Robbie Manufacturing Inc
1220,Mar-LO,MAR-LO Inc
1221,FX Northstart/Morris Pkg,North Start C./Morris Packaging
1222,Adapta Qro ( Juriquilla ),ADAPTA Servicio Turisticos Arquitectonicos
1223,FLODRAULIC GROUP INC,
1224,Flodraulic Group Inc ( DRH ),Flodraulic Group Inc
1225,L'Oreal SLP SA de CV ( Diamex ),L'Oreal SLP SA de CV
1226,FX Classic Packaging,Classic Packaging
1227,FX Star Metallizing,Star Metallizing
1228,FX Glasteel-Resolite,Glasteel-Resolite Plant Div Of stabilit America
1229,FX Printpack/Prescott,"Printpack, Inc"
1230,FX Deluxe Packages,Deluxe Packages
1231,FX Tempo Plastics,Tempo Plastics LTD
1232,FX Printpack/Villa Rica GA,"Printpack, Inc"
1233,Voltage Resale LLC,Voltage Resale LLC
1234,FX Bemis/Bellwood,"Bemis, Co"
1236,Brenco,"Brenco, Inc."
1237,FX Printapck/Elgin,"Printpack, Inc"
1238,3M Purification,3M Purification Inc
1239,FX Coveris/Dickman,Coveris Dickman Raw Stock
1240,FX Garlock/Gardner,Garlock Printing & Converting
1241,FX Polynova,Polynova
1242,FX Josh Packaging,"Josh Packaging, Inc"
1243,FX American/Iowa,American Packaging Corp
1245,FX Henkel NA,Henkel
1246,FX Allied,Allied Packaging
1247,FX Signature,"Signature Flexible Packaging, Inc"
1248,FX Lithotype,Lithotype Chicago
1249,FX Amcor/Oakmont,Amcor-Oakmont
1250,FX Westrock,Westrock
1251,RL EXPRESS ( TRANSFER ),RL EXPRESS
1252,FX Overwraps Packaging,Overwraps Packing
1253,FX American/Wisconsin,American Packaging Corp
1254,FX Packaging Sales,Packaging Sales & service
1255,FX PPt,"PLASTIC PACKAGING TECHNOLOGIES, LLC."
1256,FX Glitterex,Glitterex Corporation
1257,FX PhoenixFilms,Phoenix Films Inc C/O Carolina Public Warehouse Inc
1258,FX Bemis/Oshkosh,"Bemis, Co"
1259,FX Ampac,Ampac
1260,FX Emerald/Wester,Emerald Packaging
1262,FX SunshinePlastics,Sunshine Plastics Corp
1263,FX Api Foils,Api Foils Osgood
1264,Rinchem (Chemetall CA ),Chemetall US Rinchem Company
1265,FX Transilwrap,Transilwrap Co
1266,FX JetPrinting,Jet Printing
1267,FX CCL Label,CCL Label
1268,Multi-Wing,Multi-Wing America Inc.
1269,FX Label Technology,Label Technology Inc
1270,FX Gateway Packaging,Gateway Packaging Company
1271,FX Coating and Converting,Coating and Converting Tech
1272,Harcros Chemicals,"Harcros Chemicals, Inc"
1273,FX Printpack/Hendersonville,"Printpack, Inc"
1274,Ernesto Villegas ( Leon  ),ERNESTO VILLEGAS
1275,FX Amcor/Madison,"Amcor Flexibles, Inc."
1276,FX Gulfplastics,Gulf Plastics
1277,FX Momar/Reno,Momar Industries LLC
1278,FX Selig Canada ULC,Selig Canada ULC
1279,FX Momar/Sparks,Momar Industries LLC
1280,Intl Qu�mica de Cobre  (AEG),Internacional Qu�mica de Cobre SA de CV
1281,Multi-Channel Logistics,Multi Channel Logistics
1282,EENAV SERVICIOS (adine ),EENAV SERVICIOS INDUSTRIALES
1283,FX Amcor/Mount Holly,"Amcor Flexibles, Inc."
1284,CEDSA ROBOTICA ( Gearcom ),CEDSA ROBOTICA
1285,FX Amcor/Mundelein,"Amcor Flexibles, Inc."
1286,FX Printpack/Rhinelander,"Printpack, Inc"
1287,FX Custom Laminating,Custom Laminating Corporaion
1288,Coding Canada ( ECOI ),CODING PRODUCTS OF CANADA LTD
1289,Coding Canada remitente ( ECOI ),CODING PRODUCTS OF CANADA LTD.
1290,FX Flexstar,Flex Star Packaging Inc
1291,FX The RevereGroup,The Revere Group
1292,Vektek,VEKTEK LLC
1293,FX Bemis-Wow/Oshkosh,Bermis Comany Inc c/o WOW Logistics
1294,Chicago Industrial,"Chicago Indistrial Equipment, Inc."
1295,ALEC,"ALEC TRANSPORT, LLC"
1296,Purificacion,PURIFICATION SOLUTIONS LLC.
1297,Chemetall Santa Fe Spring,"CHEMETALL US, INC"
1298,FX Target Labels,TARGET LABELS & PACKAGING
1299,FX Sierra Packaging,SIERRA PACKAGING & CONVERTING LLC
1300,FX Bemis/Lebanon,BEMIS PKG
1301,FX Carolina,"Carolina Custom Coverting, LLC"
1302,FX Superior Tape,Superior Tape & Label
1303,FX Hood Packaging,Hood Packaging Corporation
1304,Morris,"Morris Trailer Sales, Inc."
1306,Robert Bosh USA,ROBERT BOSH LLC
1307,Robert Bosch Mexico,"ROBERT BOSCH MEXICO SISTEMAS AUTOMOTRICES, S.A. DE C.V."
1308,FX Graphic/Wausau,GRAPHIC PACKAGING INT'L INC.
1309,FX Lamtec,LAMTEC CORPORATION
1310,FX Glenroy / South,GLENROY SOUTH
1311,FX Infinity,"INFINITY TAPES, LLC"
1312,MultiChannel2,Multi-Channel Logistics
1313,FX AMI Specialty,FX AMI SPECIALTY FILMS
1314,FX Rol Vac/270,Rol Vac
1315,FX UPM,UPM
1316,FX Amcor/Shelbyville,Amcor Flexibles Shelbyville.
1318,ATOTECH,Atotech USA Inc.
1320,Quiroga,Transportes Quiroga
1321,Auto Corporativos,"Autotransportes Corporativos de Nuevo Laredo, S.A. de C.V."
1322,GLADYS,Gladys Salazar Cobos
1323,FX Celplast Metallized,CELPLAST METALLIZED PRODUCTS LTD
1324,Edmund Optics,Edmund Optics America
1325,Transportes MR,TRANSPORTES MR
1326,Fx Dupont,Dupont Teijin Films
1327,FX Sealed Air/Wichita,Sealed Air Corporation
1328,FX Captive Plastics,"Captive Plastics, LLC sub Berry Plastics Corporation"
1329,DeFOREST,DEFOREST ENTERPRISES INC
1330,CORSA,Transportes Corsa SA de CV
1331,FX Shore,Shore Manufacturing Company
1332,FX North State,North State Flexibles
1333,FX Coveris/Sibley,Coveris Sibley
1334,"Liquimex, (Bonfanont ) Vision","Liquimex, S.A. de C.V. (Bonafont Culiac�n)"
1335,TK Holdings,TK HOLDINGS INC.
1336,Moses Lake,MOSES LAKE FACILITY INFLATOR DEPARTAMENT
1337,Accu-Tech,ACCU-TECH
1338,Riem International,RIEM INTERNATIONAL Inc.
1339,Pmg Fullment,PMG FULLMENT CENTER.
1340,FX Mimir Flexo,Mimir Flexo Printing
1341,Comp Electronicos,Comp Electronicos de Occidente
1342,Comp-Air,COMP-AIR SERVICE- MIAMI
1343,Tiarco Chemical,Tiarco Chemical Company
1344,Weldex,Weldex Logistics
1345,FX New Wave,New Wave Converting Inc.
1346,FX AccuFilm,AccuFilm
1347,FX PennPac,PennPac
1348,North Metal,North Metal & Chemical Company
1349,FX American/New York,American Packaging Corp.
1350,FX Associated/Clipper,ASSOCIIATED LABELS AND PACKAGING.
1351,FX Poly Print,Poly Print Inc.
1352,FX Accredo Packaging,Accredo Packaging inc.
1353,FX Oracle Flexible,Oracle Flexible Packaging
1354,Elgin Rubber,Elgi Rubber Company dba Cincinnati Retread Systems
1357,FX 3M Rockland,3M ROCKLAND- 3MUS
1358,FX Castle Pierce,CASTLE PIERCE CORP.
1359,FX The Robinette,THE ROBINNETE COMPANY
1360,Cirris Systems,Cirris Systems Corporation.
1361,XPOLogistics,XPOLOGISTICS
1362,FX Azcoat Inc.,AZCOAT INC
1363,R+L CARRIER LTL,R+L CARRIER
1364,FX American Packaging,American Packaging Corporation.
1365,FX Constantia,CONSTANTIA BLYTHEWOOD
1366,FX Mondi Jackson,"MONDI JACKSON, INC"
1367,FX Garlock/St Sparks,GARLOCK PRINTING & CONVERTING
1368,InduPlasMed(Vision),"Industrias Pl�sticas M�dicas, S.A. de C.V."
1369,Ferrara Candy,FERRARA CANDY COMPANY
1370,Vernell Industries,"VERNELL INDUSTRIES, S.A. DE C.V."
1371,Elang,"ELANG INDUSTRIAL (SHANGHAI) CO,. LTD."
1372,FX Sigma,SIGMA TECHNOLOGIES
1373,FX New Excelsior,"NEW EXCELSIOR, INC"
1374,FX Bison Bag,BISON BAG COMPANY
1375,Rhino,RHINO
1376,Aexa,AEXA
1377,FX Fastik,FASTIK
1378,FX Bemis/Oshkosh-Badger,BEMIS PERFORMANCE PACKAGING INC.
1379,FX Sealed Air/Simpsonville,SEALED AIR CORPORATION
1380,FX Amerifilm,"AMERIFILM CONVERTEERS, LLC"
1381,FX Graphic/Lousiville,GRAPHIC PACKAGING INTERNATIONAL
1382,FX ITW Foils/Newburyport,ITW FOILS (MA PLANT)
1383,FX ITW Foils/Bloomfield,ITW FOILS
1384,FX WebTech,WEBTECH INC
1385,FX Transcontinetal,TRANSCONTINENTAL ULTRA FLEX INC.
1386,Manchester,"MANCHESTER TANK & EQUIPMENT CO., A DIVISION OF MCWANE, INC."
1387,FX Paklab,PAKLAB
1388,FX Reynolds,REYNOLDS WAREHOUSE
1389,"FX Prairie State Impressions, LLC","Prairie State Impressions, LLC"
1390,FX LeSaint,LESAINT WAREHOUSE LOGISTICS
1391,FX Packall,PACKALL PACKAGING
1392,TDM Transport,TDM Transport
1393,NiceLabel America,Nice Label Americas Inc.
1394,FX Bemis/Lancaster,BEMIS PACKAGING INC
1395,FX Flagship,FLAGSHIP CONVERTERS
1396,FX Tribex,TRIBEX CORPORATION
1397,Pro Mach,"PRO MACH, INC."
1398,Agropark (Vision),AGROPARK
1399,FX Nichols Paper,NICHOLS PAPER PRODUCTS CO. INC.
1400,FX Vonco,VONCO PRODUCTS
1401,FX Flexipak,FLEXIPACK
1402,GigaTec,GIGATEC ELECTRONICS CO. LTD
1403,Autolineas Nvo. Mex.,AUTOLINEAS NUEVO MEX
1404,MEX-US-CAN CARGO,MEX-US-CAN CARGO Services en Transport STCH Inc.
1405,FX Cape (Mondi Group),CAPE WAREHOUSE (Mondi Group)
1406,Prime Eco,"PRIME ECO GROUP, INC"
1407,Nory,NORY CARIBE
1408,Polimex,POLIMEX QUIMICOS SA DE CV
1409,kemet(GEA),"KEMET DE MEXICO, S.A. DE C.V."
1410,FX Quality,QUALITY BAGS INC
1411,FX Multi-Plastics,"MULTI-PLASTICS, INC"
1412,Gilberto Coxca (ADINE),GILBERTO COXCA
1413,FX FoilFlex,"FOILFLEX PRODUCTS, INC"
1414,FX Carlee Corp,CARLEE CORPORATION
1648,FX Redhawk / Plastic Pack,PLASTIC PACKAGING  / REDHAWK LOGISTICS
1649,FX American/Wi/ Columbus,AMERICAN PACKING CORPORATION ROTGRAVURE DIVISION
1657,"FX HAZEN PAPER, HOLYOKE, MA 01040",HAZEN PAPER
1690,"FX CRUSADER PAPER CO, NORTH ANDOVER, MA 01845",CRUSADER PAPER CO
1691,"FX ADMIRAL PKG, PROVIDENCE, RI 02908",ADMIRAL PKG
1692,"FX LAMART, CLIFTON, NJ 07015",LAMART
1693,FX Mondi Leonia,MONDI LEONIA
1694,"FX CONTROL GROUP, Norwood, NJ, 07648, US",CONTROL GROUP
1695,"FX ALPHA ASSOCIATED, Lakewood, NJ, 08701",ALPHA ASSOCIATED
1696,"FX DUNMORE CO., BREWSTER, NY 10509",DUNMORE CO.
1697,FX Quick Roll,QUICK ROLL LEAF
1698,"FX TRINITY PKG, DEPEW NY 14043",TRINITY PKG
1699,"FX CAR-MEL PRODUCTS, ITHACA, NY 14850",CAR-MEL PRODUCTS
1700,"FX BEMIS, LEBANON, PA 17042",BEMIS
1711,"FX C-P FLEXIBLE PACKAGING, York, PA 17406",C-P FLEXIBLE PACKAGING
1712,FX Constantia/Colmar,CONSTANTIA COLMAR
1713,"FX FRES-CO SYSTEM, TELFORD PA 18969",FRES-CO SYSTEM
1714,"FX DUNMORE CO., BRISTOL, PA 19007-1620",DUNMORE CO.
1731,FX MWV/Covington,MWV
1732,"FX MWV, LOW MOOR, VA 24457",MWV
1733,"FX TEKNIPLEX, TRIADELPHIA, WV 26059",TEKNIPLEX
1734,"FX CAR-MEL PRODUCTS, MOORESVILLE, NC 28115",CAR-MEL PRODUCTS
1736,FX HBC/ Handelok Dock,DIRECT PLASTICS
1737,"FX TRITON, 7958-D CA VA 22153",TRITON
1738,"FX MORRISETTE, HICKORY, NC 28601",MORRISETTE
1739,FX Interflex/Wilkesboro,INTERFLEX GROUP
1740,"FX KEMPOL, COVINGTON, GA 30014",KEMPOL
1741,"FX LABEL TECHNOLOGIES,, GEORGIA 30024",LABEL TECHNOLOGIES
1742,"FX SIXTO PKG, Opa Locka, FL 33054",SIXTO PKG
1743,"FX CASCADES SONOCO, BIRMINGHAM, AL 35217",CASCADES SONOCO
1744,FX Interstate Pkg.,INTERSTATE PKG
1745,"FX SEKISUI TA, GREENEVILLE, TN 37745",SEKISUI TA
1746,"FX GLASTEEL, MOSCOW, TN",GLASTEEL
1747,FX Graphic Pkg,GRAPHIC PKG
1748,"FX LSI WALLCOVERING, Louisville,KY 40218",LSI WALLCOVERING
1749,"FX CRANE COMPOSITES, FLORENCE, KY 41042",CRANE COMPOSITES
1750,"FX FREE SAMPLE, Elizabethtown, KY, 42701, US",FREE SAMPLE
1751,FX Legworks,LEGWORKS LOGISTICS
1752,FX Plastic Suppliers,PLASTIC SUPPLIERS INC
1753,"FX PLASTIC PKG, COLUMBUS OH, 43228",PLASTIC PKG
1754,"FX TEKNI-PLEX, HOLLAND, OH 43528-0000",TEKNI-PLEX
1755,FX INTERNATIONAL CONVERT OH 43724,INTERNATIONAL CONVERTER
1756,"FX MFM BUILDING , Coshocton, OH",MFM BUILDING PRODUCTS
1757,"FX IMPACT SLEEVES, TWINSBURG, OH 44087",IMPACT SLEEVES
1758,FX Automated Packaging,AUTOMATED PACKAGING SYSTEMS
1759,FX Sonocco/Franklin,SONOCO FRANKLIN
1760,"FX F-PAP SAMPLE, Cincinnati, OH  45212",F-PAP SAMPLE
1761,FX Sonoco / Indiana,SONOCO EDINBURGH
1762,"FX ROCKTENN, Plymouth, IN, 46563",ROCKTENN
1763,FX Multipackaging/Newton,"MULTI PACKAGING AND PRINTING, INC"
1764,"FX BEMI, DUBUQUE IA 52001-2223",BEMI
1765,"FX POLYFIRST PKG, HARTFORD WI, 53027",POLYFIRST PKG
1766,"FX WIND WALKER LABEL, Kiel WI 53042",WIND WALKER LABEL
1767,FX Protect All,PROTECT ALL
1768,FX Mondi Akrosil,MONDI AKROSIL LLC.
1769,"FX EAGLE FLEXIBLE, WAUPUN WI. 53963",EAGLE FLEXIBLE
1770,"FX BELMARK INC, DE PERE WI 54115",BELMARK INC
1771,"FX COATING EXCELLENCE, WRIGHSTOWN, WI 54180",COATING EXCELLENCE
1772,"FX CASTLE PIERCE, OSHKOSH, WI 54903-2247",CASTLE PIERCE
1773,FX Coveris/Menasha,COVERIS R&D
1774,FX Coveris/Neenah,COVERIS
1775,FX Bemis/Wisconsin,BEMIS HEALTHCARE PKG
1776,"FX RAYVEN INC, ST. PAUL, MN 55104",RAYVEN INC
1777,"FX PRINT PACK, BLOOMINGTON MN 55437",PRINT PACK
1778,"FX THE BERGQUIST CO, BIGFORK, MN 56628",THE BERGQUIST CO
1779,FX CTI industries,CTI INDUSTRIES
1780,"FX ACCUPERF, Northbrook, IL 60062",ACCUPERF
1781,FX Fisher Container,FISHER CONTAINER
1782,"FX AMPAC, HANOVER PARK IL 60133",AMPAC
1783,"FX PHOENIX CONV., ITASCA, IL 60143",PHOENIX CONV.
1784,"FX STRATA-TAC, St. Charles, IL 60174",STRATA-TAC
1785,"FX PRESS SENCE, Lemont IL 60441",PRESS SENCE
1786,"FX CITADEL INDUSTRIES, Aurora, IL, 60504, US",CITADEL INDUSTRIES
1787,"FX SELIG SEALING, Forrest IL 61741",SELIG SEALING
1788,"FX PRINT PACK, HAZELWOOD, MO 63042",PRINT PACK
1789,FX Packaging Concepts,PACKAGING CONCEPTS
1790,FX Bemis/Joplin,BEMIS
1791,"FX ASSOCIATED PKG, New Century, KS 66031",ASSOCIATED PKG
1792,"FX PLASTIC PKG, KANSAS CITY, KS 66111",PLASTIC PKG
1793,"FX NANOPACK INC, EL DORADO, KS 67042",NANOPACK INC
1794,"FX CRANE COMPOSITES, JONESBORO, AR 72401",CRANE COMPOSITES
1795,"FX CELLO-WRAP PRINTING, FARMERSVILLE, TX 75442",CELLO-WRAP PRINTING
1796,"FX SEALED AIR, WICHITA FALLS, TX 76306",SEALED AIR
1797,FX Waco Plant,SONOCO WACO
1798,"FX HANDGARDS, EL PASO TX, 79915",HANDGARDS
1799,"FX COLORADO LABEL, Denver, CO 80207",COLORADO LABEL
1800,FX Temkin,TEMKIN INTERNATIONAL
1801,"FX RDM INDUSTRIES, LA MIRANDA, CA 90638",RDM INDUSTRIES
1802,"FX SIGNATURE FLEXIBLE, CARSON, CA 90746",SIGNATURE FLEXIBLE
1803,FX Insua,INSUA PKG
1804,"FX STAR METALLIZING, GLENDORA, CA 91740",STAR METALLIZING
1805,"FX STAR METALLIZING, ESCONDIDO, CA 92029",STAR METALLIZING
1806,FX Sorma USA,SORMA USA
1807,"FX STAR METALLIZING, Stockton, CA  95215",STAR METALLIZING
1808,"FX AMPAC, AUBURN, WA 98002",AMPAC
1809,"FX CASCADES SONOCO, TACOMA WA 98330",CASCADES SONOCO
1810,FX Relm West,RELM WEST
1811,FX Portco,PORTCO PKG
1812,FX StarFlex,STARFLEX PKG
1813,"FX PENTAFLEX, Montreal, Quebec, Canada H1J 2C3",PENTAFLEX
1814,"FX HOOD PKG, ST. LEONARD, QUEBEC H1R 1A6",HOOD PKG
1815,"FX SONOCO TERREBONNE, Lachine, QC H8T 3H5",SONOCO TERREBONNE
1816,"FX SONOCO FLEXIBLE, TERREBONE, PQ J6W 1K8",SONOCO FLEXIBLE
1817,"FX WINPAK LTD, Vaudreuil, PQ Canada",WINPAK LTD
1818,"FX VINS PLASTICS, Bradford, Ontario, L3Z 2B4",VINS PLASTICS
1819,"FX SELIG CANADA, AURORA, ON L4G 1W3",SELIG CANADA
1820,"FX GENPAK, Aurora, Canada - L4G3V8",GENPAK
1821,"FX ALPHA POLY CO, Brampton, ON Canada",ALPHA POLY CO
1822,"FX TEMPO PLASTICS, INNISFIL ON CAN L9S 3V9",TEMPO PLASTICS
1823,"FX COVERTECH FAB, ETOBICOKE, ONT M9W 5T6 CANADA",COVERTECH FAB
1824,"FX TERRANA SERVICE, RICHMOND, BC, V6V 1K9",TERRANA SERVICE
1825,"FX FLEXSTAR PKG, RICHMOND, BC V6V 1W7",FLEXSTAR PKG
1826,Thermal Shipping Solution,Thermal Shipping Solutions
1827,My Dream,MY DREAMS SHARES
1828,TUNL,TRANSPORTES URGENTES NUEVO LEON
1829,CAD Logisitcs Inc,CAD Logisitcs Inc
1830,FX Interflex/Merril,INTERFLEX GROUP - MERRILL
1831,FX Eagle,EAGLE FLEXIBLE
1832,"Kemet de M�xico, SA de CV (vision)","Kemet de M�xico, SA de CV"
1833,KTI,KTI A QUANTUM DESIGN COMPANY
1834,FX Print O Tape,PRINT O TAPE
1835,FX Glenroy,GLENROY INC
1836,Kim Hwiwoong (Mexico),KIN HWIWOONG
1837,Kim Hwiwoong (USA),KIM HWIWOONG
1838,Bartolo,Bartolo Martinez Padron
1839,FX Yellowstone,"YELLOWSTONE PLASTICS, INC"
1840,Hest Fitness,HEST FITNESS PRODUCTS
1841,FX Tekpak,TEKPAK SOLUTIONS
1842,FX Tri-Seal,TRI-SEAL
1843,Congelacion Almacenaje,"CONGELACION Y ALMACENAJE DEL CENTRO, SA DE CV"
1844,Pearson,PEARSON PACKAGING SYSTEMS
1845,Scotlynn Comodities,Scotlynn Comodities
1846,Rey(Vision),"Frituras del Rey, S.A. de C.V."
1847,Mision(Vision),"Mission Hills, S.A. de C.V."
1848,FX CDB,CDB PACKAGING
1849,FX Sierra Coating,SIERRA COATING TECHNOLOGIES
1850,FX MultifilmPackanging,MULTIFILM PACKANGING CORPORATION
1851,FX Wausau Coated,WAUSAU COATED PRODUCTS INC
1852,FX Precision Press,PRECISION PRESS
1853,FX Winpak,WINPAK HEAT SEAL PACKAGING INC
1854,FX Amcor/Madison(Raynolds),AMCOR MADISON
1855,FX 3M Haverhill,3M HAVERHILL
1856,FX Emerald/Lewis,Emerald Packaging Inc
1857,ARCBEST,"ADVANCE RESEARCH CHEMICALS, INC"
1858,ALNM,AUTOLINEAS NUEVO MEXICO
1859,FX Cosmo Films,COSMO FILMS INC
1860,FX Turner,TURNER FIBERFILL INC
1861,SANTRA Trucking,Santra Trucking
1862,FX Printpack/Grand Prairie NEW,Printpack
1863,Autoliv(chemetall),Autoliv Mexico East SA de CV
1864,Machinery,MACHINERY & SOLUTIONS L.L.C.
1865,Taminco US,Taminco Us LLC
1867,FX Associated/Ketch,ASSOCIATED LABELS AND PACKAGING
1868,FX Direct Plastics,"Direct Plastics Group, LTD"
1869,STCH,Services en Transport STCH
1870,Controles Ind(Adine),CONTROLES INDUSTRIALES Y PLC�S
1871,Protorba,PROTORBA S.A. DE C.V.
1872,Trinity Hardware,TRINITY HARDWARE HEADQUARTERS
1873,Tenneco (Mex),TENNECO AUTOMOTIVE OPERATING CO. INC.
1874,Tenneco (USA),TENNECO AUTOMOTIVE OPERATING
1875,Ahresty Mexicana(Chemetall),Ahresty Mexicana SA de CV
1876,Ecopak Mx (Gea),ECOPAK MX (EPMP PROJECT)
1877,Ronal (Chemetall),"RONAL QUERETARO, SA DE CV"
1879,FCCAutomotive(Gearcom),FCC AUTOMOTIVE PARTS
1880,INTEVA (GEA),Inteva M�xico S de RL de CV
1881,FX Bemis/Oshkosh 3550,Bemis Pkg
1882,FX RGL-Checker,RGL CHECKER WHSE
1883,IAAMSA SISTEM(ADINE),IAAMSA SISTEM
1884,Sago,Fletes Modernos Sago
1885,"CC ABF Dayton, OH",ABF Consolidation Center Dayton
1886,FX Palmetto,"PALMETTO IMAGING TECHNOLOGY, LLC"
1887,FX Maverick,MAVERICK ENTERPRISES
1888,Zebra ( McAllen),Zebra Technologies Corporation
1889,FX Kalwall,KALWALL CORPORATION
1890,CC ABF Salt Lake Cy UT,ABF Consolidation Center Salt Lake UT
1891,FX Plastic Connections,PLASCTIC CONNECTIONS INC
1892,CC ABF Conley GA,ABF Consolidation Center Atlanta GA
1893,CC ABF Kernersville N C,ABF Consolidation Center WNS / 051
1894,Pollos Vidaurri (Vision),"POLLOS VIDAURRI, SA DE CV"
1895,Estrategia Alimentos (Vision),"ESTRATEGIA EN ALIMENTOS, SA DE CV"
1896,Fx Midwest Nonwovens / Flex,Midwest Nonwovens
1897,FX RGL-Dixie,RGL DIXIE RD
1898,Weber Planta 2 (Chemetall),WEBER PLANTA 2
1899,FX Rol Vac/207,RolVac
1900,FX T Burnett,T. BURNETT CO
1901,FX Garlock Printing,GARLOCK PRINTING
1902,FX Kalwall Corp,KALWALL CORPORATION
1903,FX Label Tech / 2050,LABEL TECHNOLOGY INC
1904,Diagraph SLP(Ocurre),Diagraph ITW Mexico S de RL de CV
1905,FX VacPac,VAC PAC MFG INC
1906,FX ITW Covid,ITW COVID
1907,Carlton Freight,CARLTON FREIGHT LIMITED
1908,CC ABF Bellinham MA,C Trucking Express Inc
1909,Forward Air,"FORWARD AIR, INC"
1910,Impresores Unidos,Impresores Unidos del Centro S.A. de C.V.
1911,Collamat,Collamat AG
1912,Eat Air & Sea,Eat Air & Sea Logistics
1913,Fx Badger Express LLC,Badger Express LLC (APC)
1914,Bepensa(Vision),"Bepensa Bebidas, S.A. de C.V."
1915,Americhem,Americhem Sales Corporation
1916,Z Draexlmaier,Draexlmaier Automotive of America LLC
1917,FX Precision Textiles,Presicion Textiles
1918,Datalogic USA,"Datalogic USA, inc"
1919,Draexlmaier (Mex),Draexlmaier Components Automotive de Mexico S. de R.L. de C.V.
1920,Draexlmaier (USA),DRAEXLMAIER AUTOMOTIVE OF AMERICA LLC
1921,Royal Chemical,Royal Chemical Company
1922,FX Distinct,DISTINCT PACKABILITIES
1923,FX Bemis/Lancaster 1309,Bemis Packaging Inc.
1924,Aggressive,Aggressive Air Solutions
1925,Fx Applied Products,Applied Products Inc.
1926,FX Spectratek,SPECTRATEK TECH
1928,FX Dunmore/BRISTOL,Dunmore Corporation
1929,FX Bemis/Shelbyville,Bemis Packaging Inc IMS Plant
1930,Tighitco(chemetall),Tighitco Aerospace
1931,FLEXTRONICS(diamexe),FLEXTRONICS MANUFACTURING JUAREZ S. DE R.L. DE C.V.
1932,FX Wedlock,WEDLOCK PAPER CONVERTERS LIMITED
1933,FX Structured Fibres,Structured Fibres
1934,FX MID America  ( APC IA ),Mid America Logistics Group  ( APC IA )
1935,UnionCOnsolidadora,Union Consolidadora
1936,CAS(Aviation Services),Consolidated Aviation Services
1937,Herdez(Vision),"Herdez, S.A. de C.V."
1938,CC ABF Sheboygan WI,ABF Freight Sheboygan WI
1939,FX Ko Kuperus,Levolor Ko Kuperus
1940,FX MPI Release,MPI RELEASE
1941,FX Vins Plastics Limted,Vins Plastics Limited
1942,FX Printpack/Villa Rica (Barber),Printpack Inc.
1943,CC ABF Sacramento CA,ABF / Sacramento CA
1944,FX Arizona,ARIZONA FLEXIBLE PACKAGING
1945,FX Westrock Laminating,Westrock Laminating
1946,CC ABF South Chicago IL,ABF Freight / South Chicago CA 034
1947,DeWolf,DEWOLF
1948,FX IMS Plant,IMS PLANT
1949,FX Transaver / Amcor,Amcor Flexibles C/O TranzAct Technologies
1950,Fx Fibrix,Fibrix
1951,CARGOSPRINT,
1952,JOMIJE US,Jomije Transporting LLC
1953,FX General Mills,General Mills
1954,NG Mexico,Nowgroup Inc  SA de CV
1955,FX Printpack/Villa Rica (375),"PRINTPACK INC, VILLA RICA METALLIZING"
1956,CC ABF Sparks NV,ABF Sparks NV
1957,CC ABF Sparks NV,ABF / Sparks NV
1959,CC ODF PADUCAH KY,CC Old Dominion Paducah KY
1960,FX Smyrna,SMYRNA INTERNATIONAL INC.
1961,FX Cadillac,CADILLAC PRODUCTS
1962,Solyapli(Nowgroup),"Soluciones y Aplicaciones en Procedimientos Intramuros, SA de CV"
1964,FX Foiltek,FOILTEK
1965,FX Tri-Seal/OH,Tri seal Tenki Plex
1966,CP Transportation LLC / ILF,CP Transportation LLC / ILF
1967,CC ABF Madsion WI,ABF Consolidation Center Madison WI  Term 283
1968,FX Plastixx,PLASTIXX FFS TECHNOLOGIES INC
1969,FX Epac,"EPAC, LLC"
1970,Dise�o e Ing. (ADINE),"DISE�O E INGENIERIA EN AUTOMATIZACION, SA DE CV"
1972,World Wide Logistics,World Wide Logistics
1973,Schimmel,SCHIMMEL PERFORMANCE LLC
1974,IAD,Identificacion Automatica de Datos S.A. de CV.
1975,FX Relm West,RELM WEST LABELS
1976,Endoscopy,ENDOSCOPY SPECIALISTS INTERNATIONAL SALES
1977,CC ABF Seekonk MA,ABF / SEEKONK MA (047)
1978,FX Label Impressions,LABEL IMPRESSIONS INC
1979,FX Convertapax,CONVERTAPAX
1980,CC ABF Wasau WI,ABF CC WAUSAU WI
1981,Smart Label,SMART LABEL SOLUTIONS S.A. DE C.V.
1982,Dimart,DIMART HOSPITAL EQUIPMENT
1984,FX APC De Forest WI,American Packaging
1985,Sym Laboratorios(Vision),Sym Laboratorios
1986,Superior Industries (Chemetall),SUPERIOR INDUSTRIES DE MEXICO PLANTA 10
1987,Entec,ENTEC POLYMERS LLC
1988,Winches,WINCHES INC.
1989,Walker Filtration,WALKER FILTRATION INC
1990,FX Dryctac,DRYTAC CANADA
1991,Label Master,LABEL MASTER CHICAGO
1992,FX Amcor/Milwaukee,"AMCOR FLEXIBLES, INC."
1993,,
1994,FX Premier Material,PREMIER MATERIAL
1995,CC ABF Phoenix AZ,ABF Consolidation Center Phoenix AZ  (130)
1996,Netchem,NETCHEM INC
1997,Diagraph Puebla,Sistemas de informacion Industrial
1998,Keihin (gearcom),KEIHN DE MEXICO
1999,Bolt Express,Bolt Express
2000,Univar (Dallas),UNIVAR DALLAS
2001,FX MID America ( Des Moines APC IA ),MID America ( Des moines APC IA )
2002,Bundy (Chemetall),Bundy Refrigeration S de RL de CV
2003,Central Transport Int,CENTRAL TRANSPORT INTERNATIONAL
2004,TAMEME Inc ( Flex Film ),Tameme Inc ( Brownsville Tx Flex Film frwd)
2005,FX Avery Dennison,AVERY DIMINSIONS
2006,Shuttlewagon.,SHUTTLEWAGON INC.
2007,Pencom (Chemetall),PENCOM CSS DE MEXICO S DE RL DE CV
2008,CC ODFL Carlisle PA,CC Old Dominion Carlisle PA
2009,Dicex (Gearcom),DICEX
2010,FX Wavefront,Wavefront Technology Inc.
2011,CC ABF Memphis TN,ABF Consolidation Center Memphis TN 38114
2012,Inteva El Paso (Gearcom),Dicex Warehouse
2013,Global Link Logistics LLC,Global Link Logistics LLC
2014,Grupo Bafar (Gea),"Grupo Bafar, Planta Parma"
2015,FX CL&D,CL&D GRAPHICS
2016,Inteva Puebla (Gearcom),Global Link Logistics LLC
2017,GMZ,GMZ INC
2018,FX Deluxe Packaging,Deluxe Packaging Corp
2019,CC ODFL / Ashville,"OLD DOMINION | ASHEVILLE, NC"
2020,Process Tech (Gearcom),PROCESS TECHNOLOGY & AUTOMATION
2021,Inteva Michigan (Gearcom),Inteva Products LLC
2022,Sofi de Chihuahua (Gea),SOFI DE CHIHUAHUA
2023,TransCanada,Transplace Canada LTD
2024,TRD,Transportes Rapidos del Desierto SA de CV
2025,SIstDeInfInd(Diamexe),Sistemas de Informaci�n Industrial
2026,FX Outlook Group,"Outlook Group, LLC."
2027,FX Vonco WI,VONCO PRODUCTS WISCONSIN
2029,FX PRESS,Press Sense
2031,ProdAlimMorena(vision),"Productos Alimenticios La Morena, S.A."
2032,FX Graphic Packaging AL,Graphic Packaging
2033,FX Brookwood,BROOKWOOD LAMINATING
2034,FX SEV REND  CO.,SEV REND  CO.
2035,MYERSMIXERS,Myers Mixers LLC
2036,FX 3M Hartford,3M HARTFORD
2037,TOX Pressotechnik,TOX PRESSOTECHNIK LLC
2038,Ixtapa Pacifico,CORPORATIVO TURISTICO IXTAPA PACIFICO SA DE CV
2039,Cardone Industies (Gearcom),CARDONE INDUSTRIES INC
2040,FX New Light,NEW LIGHT INDUSTRIES
2042,CC ABF Sacramento,ABF Sacramento Consolidation Center
2043,CC Old Dominion Sacramento,Old Dominion Sacramento CA
2044,Swing Technology,SWING TECHNOLOGY
2045,FX Formel Industries,FORMEL INDUSTRIES - WEST PLANT
2046,FX AlphaChem,ALPHACHEM INTERNATIONAL CORPORATION
2047,FX Bemis/Appleton,BEMIS
2048,FX Flexo,"FLEXO TRANSPARENT, LLC"
2049,CC ABF Tucson AZ,ABF Tucson AZ Consolidation Center
2050,"CC ABF  ALLENTOWN, PA US","ABF ALLENTOWN, PA  Consolidation Center"
2051,MAPPEC(Diamex Equipos),MAPPEC MATERIALES PRODUCTOS POLIMERICOS Y ELEMENTOS DE CONSTRUCCION SA DE CV
2052,FX AWT Labels,AWT LABELS & PACKAGING
2053,Universal(Torreon),Universal Mexic-Torrreon
2054,Central de Fletes MTY,CENTRAL DE FLETES MONTERREY (CFM)
2055,CC ABF Jackson TN,ABF Jackson TN Service Center
